{
  "Filter Options": "Opcións de Filtro",
  "Reset Filter": "Restablecer Filtro",
  "Basic Survey": "Enquisa Básica",
  "Survey Table": "Táboa de Enquisa",
  "Optional Survey Table": "Táboa de Enquisa Opcional",
  "Date": "Data",
  "Country": "País",
  "Province": "Provincia",
  "Gender": "Sexo",
  "Age": "Idade",
  "Motivation": "Motivación",
  "Modality": "Modalidade",
  "No Of People": "Número de Persoas",
  "Pet": "Mascota",
  "Stay": "Estancia",
  "Place": "Lugar",
  "Number Of Days": "Número de Días",
  "Accommodation Type": "Tipo de Aloxamento",
  "Transport": "Transporte",
  "Accessibility": "Accesibilidade",
  "Catering Services": "Servizos de Catering",
  "Cleaning Conservation": "Conservación da Limpeza",
  "Cultural Offerings": "Ofertas Culturais",
  "General Assesment": "Avaliación Xeral",
  "Lodging": "Aloxamento",
  "Optional Feedback": "Comentarios Opcionais",
  "Quality Price Ratio": "Relación Calidade-Prezo",
  "Retailers": "Comerciantes",
  "Signaling": "Sinalización",
  "Sustainability": "Sustentabilidade",
  "Tourist Information": "Información Turística",
  "Dashboard": "Panel de Control",
  "Activity": "Actividade",
  "Activity Reason": "Razón da Actividade",
  "Language": "Lingua",
  "No of Days": "Número de Días",
  "Place of Origin": "Lugar de Orixe",
  "Reason": "Razón",
  "Stay Overnight": "Pernoctar",
  "Stay Place": "Lugar de Estancia",
  "Transportation": "Transporte",
  "Transportation Reason": "Razón do Transporte",
  "With Pet": "Con Mascota",
  "Total Visitors": "Total de Visitantes",
  "Country Total": "Total do País",
  "People with Pets": "Persoas con Mascotas",
  "People Stay": "Persoas que Quedan",
  "Male": "Home",
  "Female": "Muller",
  "People without Pets": "Persoas sen Mascotas",
  "People Won't Stay": "Persoas que Non Quedarán",
  "Country wise Total": "Total por País",
  "Vacation/Leisure": "Vacacións/Ocio",
  "Family/Friends": "Familia/Amigos",
  "Business/Meeting": "Negocios/Reunión",
  "Other": "Outro",
  "Home": "Inicio",
  "Optional Survey": "Enquisa Opcional",
  "Filter": "Filtrar",
  "Accomodation Type": "Tipo de Aloxamento",
  "Filtering Options": "Opcións de Filtrado",
  "Total Optional Survey": "Total de Enquisa Opcional",
  "Quality/Price Ratio of the Destination": "Relación Calidade/Prezo do Destino",
  "Search": "Buscar",
  "Sort by": "Ordenar por",
  "Sort By": "Ordenar Por",
  "Users": "Usuarios",
  "First Name": "Nome",
  "Last Name": "Apelido",
  "Email": "Correo electrónico",
  "Role": "Papel",
  "User Table": "Táboa de usuarios",
  "Total Users": "Total de Usuarios",
  "User Role": "Rol de usuario",
  "Filter Users": "Filtrar usuarios",
  "Add Users": "Engadir usuarios",
  "New User": "Novo Usuario",
  "Create Account": "Crear conta",
  "Edit User": "Editar Usuario",
  "Login": "Acceder",
  "Email Address": "Enderezo electrónico",
  "Enter email address": "Introduza o enderezo de correo electrónico",
  "Password": "Contrasinal",
  "Enter password": "Escriba o contrasinal",
  "Caps lock on!": "Bloqueo de maiúsculas!",
  "Select":"Seleccione",
  "Select Role": "Seleccione Rol",
  "User Details": "Datos do usuario",
  "Cancel": "Cancelar",
  "Are you sure you want to delete?": "Estás seguro de que queres eliminar?",
  "By deleting": "Ao borrar",
  "all attributes assigned to this user will also be deleted.": "tamén se eliminarán todos os atributos asignados a este usuario.",
  "Delete": "Eliminar",
  "User Roles": "Roles de usuario",
  "User Roles Table": "Táboa de roles de usuario",
  "Add Role": "Engadir rol",
  "Filter Roles": "Roles de filtro",
  "Status": "Estado",
  "Permissions - Basic Survey": "Permisos - Enquisa básica",
  "Permissions - Optional Survey": "Permisos - Enquisa opcional",
  "Permissions - Cabanas": "Permisos - Cabanas",
  "Permissions - Users": "Permisos - Usuarios",
  "Permissions - Roles": "Permisos - Roles",
  "Actions": "Accións",
  "New Role": "Novo Papel",
  "Edit Role": "Editar rol",
  "Role Name": "Nome da función",
  "Role Status": "Estado de función",
  "Select Role Status": "Seleccione Estado de función",
  "Municipality": "Concello",
  "Select Municipality": "Seleccione Concello",
  "Access": "Acceso",
  "View": "Ver",
  "Add": "Engadir",
  "Edit": "Editar",
  "View Enter by them": "Ver Entrar por eles",
  "Create Role": "Crear rol",
  "Role Details": "Detalles do rol",
  "Role Permissions": "Permisos de función",
  "Roles": "Papeis",
  "Super Admin": "Super Administrador",
  "User": "Usuario",
  "Admin": "Admin",
  "Cabana Role": "Papel de Cabana",
  "Enable": "Activar",
  "Disable": "Desactivar",
  "Rural Tourism": "Turismo Rural",
  "Rental housing": "Vivenda de aluguer",
  "Hostel": "Albergue",
  "Mobile home": "Casa móbil",
  "Camping": "Camping",
  "Own house/2nd residence": "Casa propia/2ª residencia",
  "Hotel": "Hotel",
  "Pension": "Pensión",
  "Family/friends house": "Casa de familiares ou amizades",
  "Tourist apartment":"Apartamento turístico",
  "Cultural": "Cultural",
  "Sports": "Deportes",
  "Others": "Outros",
  "Pilgrimage": "Peregrinación",
  "Gastronomic": "Gastronómico",
  "From nature": "Da natureza",
  "Yes": "Si",
  "No": "Non",
  "Solo": "Solo",
  "In family": "En familia",
  "In a group": "Nun grupo",
  "In couple": "En parella",
  "Visit family/friends": "Visita a familiares/amigos",
  "Business/meeting": "Negocios/reunión",
  "Vacation/leisure": "Vacacións/lecer",
  "Bicycle": "Bicicleta",
  "Own Vehicle": "Vehículo Propio",
  "Walking": "Camiñando",
  "Bus": "Autobús",
  "Train": "Tren",
  "By train":"En tren",
  "In my own vehicle (car or motorbike)":"No meu propio vehículo (coche ou moto)",
  "By bike":"En bicicleta",
  "On foot":"A pé",
  "By bus":"En autobús",
  "Optional Surveys": "Enquisas Opcionais",
  "Basic Surveys": "Enquisas básicas",
  "Date - From": "Data - Desde",
  "Date - To": "Data - Ata",
  
  "Afghanistan": "Afganistán",
  "Albania": "Albania",
  "Germany": "Alemaña",
  "Andorra": "Andorra",
  "Angola": "Angola",
  "Antigua and Barbuda": "Antiga e Barbuda",
  "Saudi Arabia": "Arabia Saudita",
  "Algeria": "Arxelia",
  "Argentina": "Arxentina",
  "Armenia": "Armenia",
  "Australia": "Australia",
  "Austria": "Austria",
  "Azerbaijan": "Acerbaixán",
  "Bahamas": "Bahamas",
  "Bangladesh": "Bangladesh",
  "Barbados": "Barbados",
  "Bahrain": "Bahrein",
  "Belgium": "Bélxica",
  "Belize": "Belice",
  "Benin": "Benín",
  "Belarus": "Bielorrusia",
  "Burma": "Birmania",
  "Bolivia": "Bolivia",
  "Bosnia and Herzegovina": "Bosnia e Hercegovina",
  "Botswana": "Botswana",
  "Brazil": "Brasil",
  "Brunei": "Brunei",
  "Bulgaria": "Bulgaria",
  "Burkina Faso": "Burkina Faso",
  "Burundi": "Burundi",
  "Bhutan": "Bután",
  "Cape Verde": "Cabo Verde",
  "Cambodia": "Cambodia",
  "Cameroon": "Camerún",
  "Canada": "Canadá",
  "Qatar": "Catar",
  "Chad": "Chad",
  "Chile": "Chile",
  "China": "China",
  "Cyprus": "Chipre",
  "Vatican City": "Cidade do Vaticano",
  "Colombia": "Colombia",
  "Comoros": "Comoras",
  "North Korea": "Corea do Norte",
  "South Korea": "Corea do Sur",
  "Ivory Coast": "Costa do Marfil",
  "Costa Rica": "Costa Rica",
  "Croatia": "Croacia",
  "Cuba": "Cuba",
  "Denmark": "Dinamarca",
  "Dominica": "Dominica",
  "Ecuador": "Ecuador",
  "Egypt": "Exipto",
  "El Salvador": "El Salvador",
  "United Arab Emirates": "Emiratos Árabes Unidos",
  "Eritrea": "Eritrea",
  "Slovakia": "Eslovaquia",
  "Slovenia": "Eslovenia",
  "Spain": "España",
  "United States": "Estados Unidos",
  "Estonia": "Estonia",
  "Ethiopia": "Etiopía",
  "Philippines": "Filipinas",
  "Finland": "Finlandia",
  "Fiji": "Fixi",
  "France": "Francia",
  "Gabon": "Gabón",
  "Gambia": "Gambia",
  "Georgia": "Xeorxia",
  "Ghana": "Gana",
  "Grenada": "Granada",
  "Greece": "Grecia",
  "Guatemala": "Guatemala",
  "Guyana": "Güiana",
  "Guinea": "Guinea",
  "Equatorial Guinea": "Guinea Ecuatorial",
  "Guinea-Bissau": "Guinea-Bissau",
  "Haiti": "Haití",
  "Honduras": "Honduras",
  "Hungary": "Hungría",
  "India": "India",
  "Indonesia": "Indonesia",
  "Iraq": "Iraq",
  "Iran": "Irán",
  "Ireland": "Irlanda",
  "Iceland": "Islandia",
  "Marshall Islands": "Illas Marshall",
  "Solomon Islands": "Illas Salomón",
  "Israel": "Israel",
  "Italy": "Italia",
  "Jamaica": "Xamaica",
  "Japan": "Xapón",
  "Jordan": "Xordania",
  "Kazakhstan": "Casaquistán",
  "Kenya": "Quenia",
  "Kyrgyzstan": "Kirguizistán",
  "Kiribati": "Kiribati",
  "Kuwait": "Kuwait",
  "Laos": "Laos",
  "Lesotho": "Lesoto",
  "Latvia": "Letonia",
  "Lebanon": "Líbano",
  "Liberia": "Liberia",
  "Libya": "Libia",
  "Liechtenstein": "Liechtenstein",
  "Lithuania": "Lituania",
  "Luxembourg": "Luxemburgo",
  "North Macedonia": "Macedonia do Norte",
  "Madagascar": "Madagascar",
  "Malaysia": "Malaisia",
  "Malawi": "Malaui",
  "Maldives": "Maldivas",
  "Malta": "Malta",
  "Morocco": "Marrocos",
  "Mauritius": "Mauricio",
  "Mauritania": "Mauritania",
  "Mexico": "México",
  "Micronesia": "Micronesia",
  "Moldova": "Moldavia",
  "Monaco": "Mónaco",
  "Mongolia": "Mongolia",
  "Montenegro": "Montenegro",
  "Mozambique": "Mozambique",
  "Namibia": "Namibia",
  "Nauru": "Nauru",
  "Nepal": "Nepal",
  "Nicaragua": "Nicaragua",
  "Niger": "Níxer",
  "Nigeria": "Nixeria",
  "Norway": "Noruega",
  "New Zealand": "Nova Zelandia",
  "Oman": "Omán",
  "Netherlands": "Países Baixos",
  "Pakistan": "Paquistán",
  "Palau": "Palau",
  "Panama": "Panamá",
  "Papua New Guinea": "Papúa Nova Guinea",
  "Paraguay": "Paraguai",
  "Peru": "Perú",
  "Poland": "Polonia",
  "Portugal": "Portugal",
  "United Kingdom": "Reino Unido",
  "Central African Republic": "República Centroafricana",
  "Czech Republic": "República Checa",
  "Republic of the Congo": "República do Congo",
  "Democratic Republic of the Congo": "República Democrática do Congo",
  "Dominican Republic": "República Dominicana",
  "South Africa": "Sudáfrica",
  "Rwanda": "Ruanda",
  "Romania": "Romanía",
  "Russia": "Rusia",
  "Samoa": "Samoa",
  "Saint Kitts and Nevis": "San Cristovo e Nevis",
  "San Marino": "San Marino",
  "Saint Vincent and the Grenadines": "San Vicente e Granadinas",
  "Saint Lucia": "Santa Lucía",
  "Sao Tome and Principe": "Santo Tomé e Príncipe",
  "Senegal": "Senegal",
  "Serbia": "Serbia",
  "Seychelles": "Seixeles",
  "Sierra Leone": "Serra Leoa",
  "Singapore": "Singapur",
  "Syria": "Siria",
  "Somalia": "Somalia",
  "Sri Lanka": "Sri Lanka",
  "Eswatini": "Suacilandia",
  "Sudan": "Sudán",
  "South Sudan": "Sudán do Sur",
  "Sweden": "Suecia",
  "Switzerland": "Suíza",
  "Suriname": "Surinam",
  "Thailand": "Tailandia",
  "Tanzania": "Tanzania",
  "Tajikistan": "Taxiquistán",
  "East Timor": "Timor Leste",
  "Togo": "Togo",
  "Tonga": "Tonga",
  "Trinidad and Tobago": "Trinidade e Tobago",
  "Tunisia": "Tunisia",
  "Turkmenistan": "Turkmenistán",
  "Turkey": "Turquía",
  "Tuvalu": "Tuvalu",
  "Ukraine": "Ucraína",
  "Uganda": "Uganda",
  "Uruguay": "Uruguai",
  "Uzbekistan": "Uzbequistán",
  "Vanuatu": "Vanuatu",
  "Venezuela": "Venezuela",
  "Vietnam": "Vietnam",
  "Yemen": "Iemen",
  "Djibouti": "Xibutí",
  "Zambia": "Zambia",
  "Zimbabwe": "Zimbabwe"
}
