{
  "Filter Options": "Filter Options",
  "Reset Filter": "Reset Filter",
  "Basic Survey": "Basic Survey",
  "Survey Table": "Survey Table",
  "Optional Survey Table": "Optional Survey Table",
  "Date": "Date",
  "Country": "Country",
  "Province": "Province",
  "Gender": "Gender",
  "Age": "Age",
  "Motivation": "Motivation",
  "Modality": "Modality",
  "No Of People": "No of People",
  "Pet": "Pet",
  "Stay": "Stay",
  "Place": "Place",
  "Number Of Days": "Number Of Days",
  "Accommodation Type": "Accommodation Type",
  "Transport": "Transport",
  "Accessibility": "Accessibility",
  "Catering Services": "Catering Services",
  "Cleaning Conservation": "Cleaning Conservation",
  "Cultural Offerings": "Cultural Offerings",
  "General Assesment": "General Assesment",
  "Lodging": "Lodging",
  "Optional Feedback": "Optional Feedback",
  "Quality Price Ratio": "Quality Price Ratio",
  "Retailers": "Retailers",
  "Signaling": "Signaling",
  "Sustainability": "Sustainability",
  "Tourist Information": "Tourist Information",
  "Dashboard": "Dashboard",
  "Activity": "Activity",
  "Activity Reason": "Activity Reason",
  "Language": "Language",
  "No of Days": "No of Days",
  "Place of Origin": "Place of Origin",
  "Reason": "Reason",
  "Stay Overnight": "Stay Overnight",
  "Stay Place": "Stay Place",
  "Transportation": "Transportation",
  "Transportation Reason": "Transportation Reason",
  "With Pet": "With Pet",
  "Total Visitors": "Total Visitors",
  "Country Total": "Country Total",
  "People with Pets": "People with Pets",
  "People Stay": "People Stay",
  "Male": "Male",
  "Female": "Female",
  "People without Pets": "People without Pets",
  "People Won't Stay": "People Won't Stay",
  "Country wise Total": "Country wise Total",
  "Vacation/Leisure": "Vacation/Leisure",
  "Family/Friends": "Family/Friends",
  "Business/Meeting": "Business/Meeting",
  "Other": "Other",
  "Home": "Home",
  "Optional Survey": "Optional Survey",
  "Filter": "Filter",
  "Accomodation Type": "Accomodation Type",
  "Filtering Options": "Filtering Options",
  "Total Optional Survey": "Total Optional Survey",
  "Quality/Price Ratio of the Destination": "Quality/Price Ratio of the Destination",
  "Search": "Search",
  "Sort by": "Sort by",
  "Sort By": "Sort By",
  "Users": "Users",
  "First Name": "First Name",
  "Last Name": "Last Name",
  "Email": "Email",
  "Role": "Role",
  "User Table": "User Table",
  "Total Users": "Total Users",
  "User Role": "User Role",
  "Filter Users": "Filter Users",
  "Add Users": "Add Users",
  "New User": "New User",
  "Create Account": "Create Account",
  "Edit User": "Edit User",
  "Login": "Login",
  "Email Address": "Email Address",
  "Enter email address": "Enter email address",
  "Password": "Password",
  "Enter password": "Enter password",
  "Caps lock on!": "Caps lock on!",
  "Select":"Select",
  "Select Role": "Select Role",
  "User Details": "User Details",
  "Cancel": "Cancel",
  "Are you sure you want to delete?": "Are you sure you want to delete?",
  "By deleting": "By deleting",
  "all attributes assigned to this user will also be deleted.": "all attributes assigned to this user will also be deleted.",
  "Delete": "Delete",
  "User Roles": "User Roles",
  "User Roles Table": "User Roles Table",
  "Add Role": "Add Role",
  "Filter Roles": "Filter Roles",
  "Status": "Status",
  "Permissions - Basic Survey": "Permissions - Basic Survey",
  "Permissions - Optional Survey": "Permissions - Optional Survey",
  "Permissions - Cabanas": "Permissions - Cabanas",
  "Permissions - Users": "Permissions - Users",
  "Permissions - Roles": "Permissions - Roles",
  "Actions": "Actions",
  "New Role": "New Role",
  "Edit Role": "Edit Role",
  "Role Name": "Role Name",
  "Role Status": "Role Status",
  "Select Role Status": "Select Role Status",
  "Municipality": "Municipality",
  "Select Municipality": "Select Municipality",
  "Access": "Access",
  "View": "View",
  "Add": "Add",
  "Edit": "Edit",
  "View Enter by them": "View Enter by them",
  "Create Role": "Create Role",
  "Role Details": "Role Details",
  "Role Permissions": "Role Permissions",
  "Roles": "Roles",
  "Super Admin": "Super Admin",
  "User": "User",
  "Admin": "Admin",
  "Cabana Role": "Cabana Role",
  "Enable": "Enable",
  "Disable": "Disable",
  "Rural Tourism": "Rural Tourism",
  "Rental housing": "Rental housing",
  "Hostel": "Hostel",
  "Mobile home": "Mobile home",
  "Camping": "Camping",
  "Own house/2nd residence": "Own house/2nd residence",
  "Hotel": "Hotel",
  "Pension": "Pension",
  "Family/friends house": "Family/friends house",
  "Tourist apartment":"Tourist apartment",
  "Cultural": "Cultural",
  "Sports": "Sports",
  "Others": "Others",
  "Pilgrimage": "Pilgrimage",
  "Gastronomic": "Gastronomic",
  "From nature": "From nature",
  "Yes": "Yes",
  "No": "No",
  "Solo": "Solo",
  "In family": "In family",
  "In a group": "In a group",
  "In couple": "In couple",
  "Visit family/friends": "Visit family/friends",
  "Business/meeting": "Business/meeting",
  "Vacation/leisure": "Vacation/leisure",
  "Bicycle": "Bicycle",
  "Own Vehicle": "Own Vehicle",
  "Walking": "Walking",
  "Bus": "Bus",
  "Train": "Train",
  "By train":"By train",
  "In my own vehicle (car or motorbike)":"In my own vehicle (car or motorbike)",
  "By bike":"By bike",
  "On foot":"On foot",
  "By bus":"By bus",
  "Optional Surveys": "Optional Surveys",
  "Basic Surveys": "Basic Surveys",
  "Date - From": "Date - From",
  "Date - To": "Date - To",

  "Afghanistan": "Afghanistan",
  "Albania": "Albania",
  "Germany": "Germany",
  "Andorra": "Andorra",
  "Angola": "Angola",
  "Antigua and Barbuda": "Antigua and Barbuda",
  "Saudi Arabia": "Saudi Arabia",
  "Algeria": "Algeria",
  "Argentina": "Argentina",
  "Armenia": "Armenia",
  "Australia": "Australia",
  "Austria": "Austria",
  "Azerbaijan": "Azerbaijan",
  "Bahamas": "Bahamas",
  "Bangladesh": "Bangladesh",
  "Barbados": "Barbados",
  "Bahrain": "Bahrain",
  "Belgium": "Belgium",
  "Belize": "Belize",
  "Benin": "Benin",
  "Belarus": "Belarus",
  "Burma": "Burma",
  "Bolivia": "Bolivia",
  "Bosnia and Herzegovina": "Bosnia and Herzegovina",
  "Botswana": "Botswana",
  "Brazil": "Brazil",
  "Brunei": "Brunei",
  "Bulgaria": "Bulgaria",
  "Burkina Faso": "Burkina Faso",
  "Burundi": "Burundi",
  "Bhutan": "Bhutan",
  "Cape Verde": "Cape Verde",
  "Cambodia": "Cambodia",
  "Cameroon": "Cameroon",
  "Canada": "Canada",
  "Qatar": "Qatar",
  "Chad": "Chad",
  "Chile": "Chile",
  "China": "China",
  "Cyprus": "Cyprus",
  "Vatican City": "Vatican City",
  "Colombia": "Colombia",
  "Comoros": "Comoros",
  "North Korea": "North Korea",
  "South Korea": "South Korea",
  "Ivory Coast": "Ivory Coast",
  "Costa Rica": "Costa Rica",
  "Croatia": "Croatia",
  "Cuba": "Cuba",
  "Denmark": "Denmark",
  "Dominica": "Dominica",
  "Ecuador": "Ecuador",
  "Egypt": "Egypt",
  "El Salvador": "El Salvador",
  "United Arab Emirates": "United Arab Emirates",
  "Eritrea": "Eritrea",
  "Slovakia": "Slovakia",
  "Slovenia": "Slovenia",
  "Spain": "Spain",
  "United States": "United States",
  "Estonia": "Estonia",
  "Ethiopia": "Ethiopia",
  "Philippines": "Philippines",
  "Finland": "Finland",
  "Fiji": "Fiji",
  "France": "France",
  "Gabon": "Gabon",
  "Gambia": "Gambia",
  "Georgia": "Georgia",
  "Ghana": "Ghana",
  "Grenada": "Grenada",
  "Greece": "Greece",
  "Guatemala": "Guatemala",
  "Guyana": "Guyana",
  "Guinea": "Guinea",
  "Equatorial Guinea": "Equatorial Guinea",
  "Guinea-Bissau": "Guinea-Bissau",
  "Haiti": "Haiti",
  "Honduras": "Honduras",
  "Hungary": "Hungary",
  "India": "India",
  "Indonesia": "Indonesia",
  "Iraq": "Iraq",
  "Iran": "Iran",
  "Ireland": "Ireland",
  "Iceland": "Iceland",
  "Marshall Islands": "Marshall Islands",
  "Solomon Islands": "Solomon Islands",
  "Israel": "Israel",
  "Italy": "Italy",
  "Jamaica": "Jamaica",
  "Japan": "Japan",
  "Jordan": "Jordan",
  "Kazakhstan": "Kazakhstan",
  "Kenya": "Kenya",
  "Kyrgyzstan": "Kyrgyzstan",
  "Kiribati": "Kiribati",
  "Kuwait": "Kuwait",
  "Laos": "Laos",
  "Lesotho": "Lesotho",
  "Latvia": "Latvia",
  "Lebanon": "Lebanon",
  "Liberia": "Liberia",
  "Libya": "Libya",
  "Liechtenstein": "Liechtenstein",
  "Lithuania": "Lithuania",
  "Luxembourg": "Luxembourg",
  "North Macedonia": "North Macedonia",
  "Madagascar": "Madagascar",
  "Malaysia": "Malaysia",
  "Malawi": "Malawi",
  "Maldives": "Maldives",
  "Malta": "Malta",
  "Morocco": "Morocco",
  "Mauritius": "Mauritius",
  "Mauritania": "Mauritania",
  "Mexico": "Mexico",
  "Micronesia": "Micronesia",
  "Moldova": "Moldova",
  "Monaco": "Monaco",
  "Mongolia": "Mongolia",
  "Montenegro": "Montenegro",
  "Mozambique": "Mozambique",
  "Namibia": "Namibia",
  "Nauru": "Nauru",
  "Nepal": "Nepal",
  "Nicaragua": "Nicaragua",
  "Niger": "Niger",
  "Nigeria": "Nigeria",
  "Norway": "Norway",
  "New Zealand": "New Zealand",
  "Oman": "Oman",
  "Netherlands": "Netherlands",
  "Pakistan": "Pakistan",
  "Palau": "Palau",
  "Panama": "Panama",
  "Papua New Guinea": "Papua New Guinea",
  "Paraguay": "Paraguay",
  "Peru": "Peru",
  "Poland": "Poland",
  "Portugal": "Portugal",
  "United Kingdom": "United Kingdom",
  "Central African Republic": "Central African Republic",
  "Czech Republic": "Czech Republic",
  "Republic of the Congo": "Republic of the Congo",
  "Democratic Republic of the Congo": "Democratic Republic of the Congo",
  "Dominican Republic": "Dominican Republic",
  "South Africa": "South Africa",
  "Rwanda": "Rwanda",
  "Romania": "Romania",
  "Russia": "Russia",
  "Samoa": "Samoa",
  "Saint Kitts and Nevis": "Saint Kitts and Nevis",
  "San Marino": "San Marino",
  "Saint Vincent and the Grenadines": "Saint Vincent and the Grenadines",
  "Saint Lucia": "Saint Lucia",
  "Sao Tome and Principe": "Sao Tome and Principe",
  "Senegal": "Senegal",
  "Serbia": "Serbia",
  "Seychelles": "Seychelles",
  "Sierra Leone": "Sierra Leone",
  "Singapore": "Singapore",
  "Syria": "Syria",
  "Somalia": "Somalia",
  "Sri Lanka": "Sri Lanka",
  "Eswatini": "Eswatini",
  "Sudan": "Sudan",
  "South Sudan": "South Sudan",
  "Sweden": "Sweden",
  "Switzerland": "Switzerland",
  "Suriname": "Suriname",
  "Thailand": "Thailand",
  "Tanzania": "Tanzania",
  "Tajikistan": "Tajikistan",
  "East Timor": "East Timor",
  "Togo": "Togo",
  "Tonga": "Tonga",
  "Trinidad and Tobago": "Trinidad and Tobago",
  "Tunisia": "Tunisia",
  "Turkmenistan": "Turkmenistan",
  "Turkey": "Turkey",
  "Tuvalu": "Tuvalu",
  "Ukraine": "Ukraine",
  "Uganda": "Uganda",
  "Uruguay": "Uruguay",
  "Uzbekistan": "Uzbekistan",
  "Vanuatu": "Vanuatu",
  "Venezuela": "Venezuela",
  "Vietnam": "Vietnam",
  "Yemen": "Yemen",
  "Djibouti": "Djibouti",
  "Zambia": "Zambia",
  "Zimbabwe": "Zimbabwe"
}
