{
  "Filter Options": "Opciones de Filtro",
  "Reset Filter": "Restablecer Filtro",
  "Basic Survey": "Encuesta Opcional",
  "Survey Table": "Encuesta Tabla",
  "Optional Survey Table": "Mesa de Encuesta Opcional",
  "Date": "Fecha",
  "Country": "País",
  "Province": "Provincia",
  "Gender": "Sexo",
  "Age": "Edad",
  "Motivation": "Motivación",
  "Modality": "Modalidad",
  "No Of People": "No de Personas",
  "Pet": "Mascota",
  "Stay": "Permanecer",
  "Place": "Lugar",
  "Number Of Days": "Número de días",
  "Accommodation Type": "Tipo de alojamiento",
  "Transport": "Transporte",
  "Accessibility": "Accesibilidad",
  "Catering Services": "Servicios de banquetería",
  "Cleaning Conservation": "Conservación de limpieza",
  "Cultural Offerings": "Ofertas Culturales",
  "General Assesment": "Evaluación General",
  "Lodging": "Alojamiento",
  "Optional Feedback": "Comentarios opcionales",
  "Quality Price Ratio": "Relación Calidad Precio",
  "Retailers": "Minoristas",
  "Signaling": "Señalización",
  "Sustainability": "Sostenibilidad",
  "Tourist Information": "Información turística",
  "Dashboard": "Panel",
  "Activity": "Actividad",
  "Activity Reason": "Motivo de la actividad",
  "Language": "idioma",
  "No of Days": "Nº de Días",
  "Place of Origin": "Lugar de Origen",
  "Reason": "Razón",
  "Stay Overnight": "Pasar la noche",
  "Stay Place": "Lugar de estancia",
  "Transportation": "Transporte",
  "Transportation Reason": "Motivo del transporte",
  "With Pet": "Con mascota",
  "Total Visitors": "Visitantes totales",
  "Country Total": "Total del país",
  "People with Pets": "Personas con mascotas",
  "People Stay": "La gente se queda",
  "Male": "Masculino",
  "Female": "Femenino",
  "People without Pets": "Personas sin mascotas",
  "People Won't Stay": "La gente no se quedará",
  "Country wise Total": "Total por país",
  "Vacation/Leisure": "Vacaciones/Ocio",
  "Family/Friends": "Familia/amigos",
  "Business/Meeting": "Reunión de negocios",
  "Other": "Otro",
  "Home": "Hogar",
  "Optional Survey": "Encuesta Opcional",
  "Filter": "Filtrar",
  "Accomodation Type": "Tipo de alojamiento",
  "Filtering Options": "Opciones de filtrado",
  "Total Optional Survey": "Encuesta Opcional Total",
  "Quality/Price Ratio of the Destination": "Relación Calidad/Precio del Destino",
  "Search": "Buscar",
  "Sort by": "Ordenar por",
  "Sort By": "Ordenar Por",
  "Users": "Usuarios",
  "First Name": "Nombre de pila",
  "Last Name": "Apellido",
  "Email": "Correo electrónico",
  "Role": "Role",
  "User Table": "Tabla de usuarios",
  "Total Users": "Total de usuarios",
  "User Role": "Rol del usuario",
  "Filter Users": "Filtrar usuarios",
  "Add Users": "Agregar usuarios",
  "New User": "Nuevo usuario",
  "Create Account": "Crear una cuenta",
  "Edit User": "Editar usuario",
  "Login": "Acceso",
  "Email Address": "Dirección de correo electrónico",
  "Enter email address": "Introducir la dirección de correo electrónico",
  "Password": "Contraseña",
  "Enter password": "Introducir la contraseña",
  "Caps lock on!": "¡Bloqueo de mayúsculas!",
  "Select":"Seleccionar",
  "Select Role": "Seleccionar rol",
  "User Details": "Detalles de usuario",
  "Cancel": "Cancelar",
  "Are you sure you want to delete?": "¿Estás segura de que quieres eliminar?",
  "By deleting": "Al eliminar",
  "all attributes assigned to this user will also be deleted.": "todos los atributos asignados a este usuario también se eliminarán.",
  "Delete": "Borrar",
  "User Roles": "Roles del usuario",
  "User Roles Table": "Tabla de roles de usuario",
  "Add Role": "Agregar rol",
  "Filter Roles": "Filtrar roles",
  "Status": "Estado",
  "Permissions - Basic Survey": "Permisos - Encuesta básica",
  "Permissions - Optional Survey": "Permisos - Encuesta opcional",
  "Permissions - Cabanas": "Permisos - Cabañas",
  "Permissions - Users": "Permisos - Usuarios",
  "Permissions - Roles": "Permisos - Roles",
  "Actions": "Comportamiento",
  "New Role": "Nuevo rol",
  "Edit Role": "Editar rol",
  "Role Name": "Nombre de rol",
  "Role Status": "Estado del rol",
  "Select Role Status": "Seleccionar estado de rol",
  "Municipality": "Municipio",
  "Select Municipality": "Seleccionar Municipio",
  "Access": "Acceso",
  "View": "Vista",
  "Add": "Agregar",
  "Edit": "Editar",
  "View Enter by them": "Ver Entrar por ellos",
  "Create Role": "Crear rol",
  "Role Details": "Detalles del rol",
  "Role Permissions": "Permisos de rol",
  "Roles": "Roles",
  "Super Admin": "Súper administrador",
  "User": "Usuario",
  "Admin": "Administración",
  "Cabana Role": "Papel de cabañae",
  "Enable": "Permitir",
  "Disable": "Desactivar",
  "Rural Tourism": "Turismo rural",
  "Rental housing": "La vivienda de alquiler",
  "Hostel": "Albergue",
  "Mobile home": "Casa móvil",
  "Camping": "Cámping",
  "Own house/2nd residence": "Casa propia/2da residencia",
  "Hotel": "Hotel",
  "Pension": "Pensión",
  "Family/friends house": "Casa de familiares o amistades",
  "Tourist apartment":"Apartamento turístico",
  "Cultural": "Cultural",
  "Sports": "Deportes",
  "Others": "Otros",
  "Pilgrimage": "Peregrinaje",
  "Gastronomic": "Gastronómico",
  "From nature": "De la naturaleza",
  "Yes": "Sí",
  "No": "No",
  "Solo": "Solo",
  "In family": "En familiay",
  "In a group": "En un grupo",
  "In couple": "En pareja",
  "Visit family/friends": "Visitar familiares/amigos",
  "Business/meeting": "Reunión de negocios",
  "Vacation/leisure": "Vacaciones/ocio",
  "Bicycle": "Bicicleta",
  "Own Vehicle": "Vehículo propio",
  "Walking": "Caminando",
  "Bus": "Autobús",
  "Train": "Tren",
  "By train":"En tren",
  "In my own vehicle (car or motorbike)":"En vehículo propio (coche o moto)",
  "By bike":"En bicicleta",
  "On foot":"A pie",
  "By bus":"En autobús",
  "Optional Surveys": "Encuestas opcionales",
  "Basic Surveys": "Encuestas Básicas",
  "Date - From": "Fecha de",
  "Date - To": "Fecha - Hasta",
  
  "Afghanistan": "Afganistán",
  "Albania": "Albania",
  "Germany": "Alemania",
  "Andorra": "Andorra",
  "Angola": "Angola",
  "Antigua and Barbuda": "Antigua y Barbuda",
  "Saudi Arabia": "Arabia Saudita",
  "Algeria": "Argelia",
  "Argentina": "Argentina",
  "Armenia": "Armenia",
  "Australia": "Australia",
  "Austria": "Austria",
  "Azerbaijan": "Azerbaiyán",
  "Bahamas": "Bahamas",
  "Bangladesh": "Bangladés",
  "Barbados": "Barbados",
  "Bahrain": "Baréin",
  "Belgium": "Bélgica",
  "Belize": "Belice",
  "Benin": "Benín",
  "Belarus": "Bielorrusia",
  "Burma": "Birmania",
  "Bolivia": "Bolivia",
  "Bosnia and Herzegovina": "Bosnia y Herzegovina",
  "Botswana": "Botsuana",
  "Brazil": "Brasil",
  "Brunei": "Brunéi",
  "Bulgaria": "Bulgaria",
  "Burkina Faso": "Burkina Faso",
  "Burundi": "Burundi",
  "Bhutan": "Bután",
  "Cape Verde": "Cabo Verde",
  "Cambodia": "Camboya",
  "Cameroon": "Camerún",
  "Canada": "Canadá",
  "Qatar": "Catar",
  "Chad": "Chad",
  "Chile": "Chile",
  "China": "China",
  "Cyprus": "Chipre",
  "Vatican City": "Ciudad del Vaticano",
  "Colombia": "Colombia",
  "Comoros": "Comoras",
  "North Korea": "Corea del Norte",
  "South Korea": "Corea del Sur",
  "Ivory Coast": "Costa de Marfil",
  "Costa Rica": "Costa Rica",
  "Croatia": "Croacia",
  "Cuba": "Cuba",
  "Denmark": "Dinamarca",
  "Dominica": "Dominica",
  "Ecuador": "Ecuador",
  "Egypt": "Egipto",
  "El Salvador": "El Salvador",
  "United Arab Emirates": "Emiratos Árabes Unidos",
  "Eritrea": "Eritrea",
  "Slovakia": "Eslovaquia",
  "Slovenia": "Eslovenia",
  "Spain": "España",
  "United States": "Estados Unidos",
  "Estonia": "Estonia",
  "Ethiopia": "Etiopía",
  "Philippines": "Filipinas",
  "Finland": "Finlandia",
  "Fiji": "Fiyi",
  "France": "Francia",
  "Gabon": "Gabón",
  "Gambia": "Gambia",
  "Georgia": "Georgia",
  "Ghana": "Ghana",
  "Grenada": "Granada",
  "Greece": "Grecia",
  "Guatemala": "Guatemala",
  "Guyana": "Guyana",
  "Guinea": "Guinea",
  "Equatorial Guinea": "Guinea Ecuatorial",
  "Guinea-Bissau": "Guinea-Bisáu",
  "Haiti": "Haití",
  "Honduras": "Honduras",
  "Hungary": "Hungría",
  "India": "India",
  "Indonesia": "Indonesia",
  "Iraq": "Irak",
  "Iran": "Irán",
  "Ireland": "Irlanda",
  "Iceland": "Islandia",
  "Marshall Islands": "Islas Marshall",
  "Solomon Islands": "Islas Salomón",
  "Israel": "Israel",
  "Italy": "Italia",
  "Jamaica": "Jamaica",
  "Japan": "Japón",
  "Jordan": "Jordania",
  "Kazakhstan": "Kazajistán",
  "Kenya": "Kenia",
  "Kyrgyzstan": "Kirguistán",
  "Kiribati": "Kiribati",
  "Kuwait": "Kuwait",
  "Laos": "Laos",
  "Lesotho": "Lesoto",
  "Latvia": "Letonia",
  "Lebanon": "Líbano",
  "Liberia": "Liberia",
  "Libya": "Libia",
  "Liechtenstein": "Liechtenstein",
  "Lithuania": "Lituania",
  "Luxembourg": "Luxemburgo",
  "North Macedonia": "Macedonia del Norte",
  "Madagascar": "Madagascar",
  "Malaysia": "Malasia",
  "Malawi": "Malaui",
  "Maldives": "Maldivas",
  "Malta": "Malta",
  "Morocco": "Marruecos",
  "Mauritius": "Mauricio",
  "Mauritania": "Mauritania",
  "Mexico": "México",
  "Micronesia": "Micronesia",
  "Moldova": "Moldavia",
  "Monaco": "Mónaco",
  "Mongolia": "Mongolia",
  "Montenegro": "Montenegro",
  "Mozambique": "Mozambique",
  "Namibia": "Namibia",
  "Nauru": "Nauru",
  "Nepal": "Nepal",
  "Nicaragua": "Nicaragua",
  "Niger": "Níger",
  "Nigeria": "Nigeria",
  "Norway": "Noruega",
  "New Zealand": "Nueva Zelanda",
  "Oman": "Omán",
  "Netherlands": "Países Bajos",
  "Pakistan": "Pakistán",
  "Palau": "Palaos",
  "Panama": "Panamá",
  "Papua New Guinea": "Papúa Nueva Guinea",
  "Paraguay": "Paraguay",
  "Peru": "Perú",
  "Poland": "Polonia",
  "Portugal": "Portugal",
  "United Kingdom": "Reino Unido",
  "Central African Republic": "República Centroafricana",
  "Czech Republic": "República Checa",
  "Republic of the Congo": "República del Congo",
  "Democratic Republic of the Congo": "República Democrática del Congo",
  "Dominican Republic": "República Dominicana",
  "South Africa": "Sudáfrica",
  "Rwanda": "Ruanda",
  "Romania": "Rumania",
  "Russia": "Rusia",
  "Samoa": "Samoa",
  "Saint Kitts and Nevis": "San Cristóbal y Nieves",
  "San Marino": "San Marino",
  "Saint Vincent and the Grenadines": "San Vicente y las Granadinas",
  "Saint Lucia": "Santa Lucía",
  "Sao Tome and Principe": "Santo Tomé y Príncipe",
  "Senegal": "Senegal",
  "Serbia": "Serbia",
  "Seychelles": "Seychelles",
  "Sierra Leone": "Sierra Leona",
  "Singapore": "Singapur",
  "Syria": "Siria",
  "Somalia": "Somalia",
  "Sri Lanka": "Sri Lanka",
  "Eswatini": "Suazilandia",
  "Sudan": "Sudán",
  "South Sudan": "Sudán del Sur",
  "Sweden": "Suecia",
  "Switzerland": "Suiza",
  "Suriname": "Surinam",
  "Thailand": "Tailandia",
  "Tanzania": "Tanzania",
  "Tajikistan": "Tayikistán",
  "East Timor": "Timor Oriental",
  "Togo": "Togo",
  "Tonga": "Tonga",
  "Trinidad and Tobago": "Trinidad y Tobago",
  "Tunisia": "Túnez",
  "Turkmenistan": "Turkmenistán",
  "Turkey": "Turquía",
  "Tuvalu": "Tuvalu",
  "Ukraine": "Ucrania",
  "Uganda": "Uganda",
  "Uruguay": "Uruguay",
  "Uzbekistan": "Uzbekistán",
  "Vanuatu": "Vanuatu",
  "Venezuela": "Venezuela",
  "Vietnam": "Vietnam",
  "Yemen": "Yemen",
  "Djibouti": "Yibuti",
  "Zambia": "Zambia",
  "Zimbabwe": "Zimbabue"
}
